Model_Name,Accuracy,Precision,F1,Recall,Kappa
cnn8,0.14285714285714285,0.02857142857142857,0.05,0.2,0.0
resnet18,0.14285714285714285,0.03333333333333333,0.05714285714285714,0.2,0.0
densenet121,0.14285714285714285,0.02857142857142857,0.05,0.2,0.0
abc,0.14285714285714285,0.02857142857142857,0.05,0.2,0.0
cnn8,0.14285714285714285,0.02857142857142857,0.05,0.2,0.0
